{"cameraMode":{"drawMode":0,"name":"Shaded","section":"Shading Mode"},"sceneLighting":false,"audioPlay":false,"sceneViewState":{"showFog":true,"showMaterialUpdate":false,"showSkybox":true,"showFlares":true,"showImageEffects":true,"showParticleSystems":true},"in2DMode":false,"pivot":{"x":-6.123575687408447,"y":7.99651575088501,"z":1.4794275760650635},"rotation":{"x":0.11395900696516037,"y":-0.26428547501564028,"z":0.03146516531705856,"w":0.9571732878684998},"size":8.589927673339844,"orthographic":true}