{"cameraMode":{"drawMode":0,"name":"Shaded","section":"Shading Mode"},"sceneLighting":false,"audioPlay":false,"sceneViewState":{"showFog":true,"showMaterialUpdate":false,"showSkybox":true,"showFlares":true,"showImageEffects":true,"showParticleSystems":true},"in2DMode":false,"pivot":{"x":39.019107818603519,"y":-47.10551834106445,"z":1.3678767681121827},"rotation":{"x":-0.3032791018486023,"y":-0.6264647245407105,"z":0.2890639007091522,"w":-0.6572751998901367},"size":71.9882583618164,"orthographic":false}