{"cameraMode":{"drawMode":0,"name":"Shaded","section":"Shading Mode"},"sceneLighting":false,"audioPlay":false,"sceneViewState":{"showFog":true,"showMaterialUpdate":false,"showSkybox":true,"showFlares":true,"showImageEffects":true,"showParticleSystems":true},"in2DMode":false,"pivot":{"x":-1.0,"y":7.739999771118164,"z":3.2300000190734865},"rotation":{"x":0.016069017350673677,"y":-0.22687464952468873,"z":0.003743903012946248,"w":0.9737880825996399},"size":10.415583610534668,"orthographic":true}