{"cameraMode":{"drawMode":0,"name":"Shaded","section":"Shading Mode"},"sceneLighting":false,"audioPlay":false,"sceneViewState":{"showFog":true,"showMaterialUpdate":false,"showSkybox":false,"showFlares":true,"showImageEffects":true,"showParticleSystems":true},"in2DMode":false,"pivot":{"x":-3.053936243057251,"y":0.3276492655277252,"z":2.8084795475006105},"rotation":{"x":0.18444712460041047,"y":-0.3584655821323395,"z":0.07250002771615982,"w":0.912287712097168},"size":9.130638122558594,"orthographic":false}