{"cameraMode":{"drawMode":0,"name":"Shaded","section":"Shading Mode"},"sceneLighting":false,"audioPlay":false,"sceneViewState":{"showFog":true,"showMaterialUpdate":false,"showSkybox":false,"showFlares":true,"showImageEffects":true,"showParticleSystems":true},"in2DMode":false,"pivot":{"x":3.7381832599639894,"y":5.365634441375732,"z":8.631677627563477},"rotation":{"x":-0.04885656014084816,"y":-0.28510215878486636,"z":-0.014552881009876728,"w":0.9571405649185181},"size":22.0,"orthographic":true}