{"cameraMode":{"drawMode":0,"name":"Shaded","section":"Shading Mode"},"sceneLighting":false,"audioPlay":false,"sceneViewState":{"showFog":true,"showMaterialUpdate":false,"showSkybox":true,"showFlares":true,"showImageEffects":true,"showParticleSystems":true},"in2DMode":false,"pivot":{"x":-6.193359375,"y":5.251744747161865,"z":1.322495460510254},"rotation":{"x":0.11395900696516037,"y":-0.26428547501564028,"z":0.03146516531705856,"w":0.9571732878684998},"size":9.86922836303711,"orthographic":true}