{"cameraMode":{"drawMode":0,"name":"Shaded","section":"Shading Mode"},"sceneLighting":false,"audioPlay":false,"sceneViewState":{"showFog":true,"showMaterialUpdate":false,"showSkybox":true,"showFlares":true,"showImageEffects":true,"showParticleSystems":true},"in2DMode":false,"pivot":{"x":-19.35395050048828,"y":5.2413330078125,"z":1.8963971138000489},"rotation":{"x":-0.11958558857440949,"y":-0.7284230589866638,"z":0.13165512681007386,"w":-0.6616416573524475},"size":5.697617053985596,"orthographic":false}