{"cameraMode":{"drawMode":0,"name":"Shaded","section":"Shading Mode"},"sceneLighting":false,"audioPlay":false,"sceneViewState":{"showFog":true,"showMaterialUpdate":false,"showSkybox":true,"showFlares":true,"showImageEffects":true,"showParticleSystems":true},"in2DMode":false,"pivot":{"x":-0.37569576501846316,"y":0.37763547897338869,"z":-1.955392837524414},"rotation":{"x":0.011797699145972729,"y":0.9639933109283447,"z":-0.2621285021305084,"w":0.043390922248363498},"size":7.910656929016113,"orthographic":false}